{
  "settings": {},
  "pricing": {
    "pvPowerPriceD": {
      "3,51 kW – 6 paneli": 16315.05,
      "4,10 kW – 7 paneli": 18615.05,
      "4,68 kW – 8 paneli": 20257.26,
      "5,27 kW – 9 paneli": 27130.79,
      "5,85 kW – 10 paneli": 28772.99,
      "6,44 kW – 11 paneli": 29812.55,
      "7,02 kW – 12 paneli": 31399.19,
      "7,61 kW – 13 paneli": 33186.12,
      "8,19 kW – 14 paneli": 34900.82,
      "8,77 kW – 15 paneli": 36592.74,
      "9,36 kW – 16 paneli": 38821.03,
      "9,95 kW – 17 paneli": 40518.16,
      "10,53 kW – 18 paneli": 42057.21,
      "11,11 kW – 19 paneli": 43596.27,
      "11,70 kW – 20 paneli": 45106.78,
      "12,29 kW – 21 paneli": 45057.24,
      "12,87 kW – 22 paneli": 45608.44,
      "13,45 kW – 23 paneli": 47021.52,
      "14,04 kW – 24 paneli": 48434.6,
      "14,63 kW – 25 paneli": 50247.22,
      "15,21 kW – 26 paneli": 51709.99,
      "15,79 kW – 27 paneli": 53123.07,
      "16,38 kW – 28 paneli": 54590.24,
      "16,97 kW – 29 paneli": 56003.33,
      "17,55 kW – 30 paneli": 57530.17,
      "18,13 kW – 31 paneli": 57852.25,
      "18,72 kW – 32 paneli": 59319.41,
      "19,31 kW – 33 paneli": 60732.51,
      "19,89 kW – 34 paneli": 62199.67
    },
    "pvPowerPriceE": {
      "3,51 kW – 6 paneli": 1698.5,
      "4,10 kW – 7 paneli": 1698.5,
      "4,68 kW – 8 paneli": 1655.25,
      "5,27 kW – 9 paneli": 1837.875,
      "5,85 kW – 10 paneli": 1794.7625,
      "6,44 kW – 11 paneli": 1913.9875,
      "7,02 kW – 12 paneli": 1870.2499999999995,
      "7,61 kW – 13 paneli": 2439.875,
      "8,19 kW – 14 paneli": 2357.5,
      "8,77 kW – 15 paneli": 2536.7125,
      "9,36 kW – 16 paneli": 2492.975,
      "9,95 kW – 17 paneli": 2613.124999999999,
      "10,53 kW – 18 paneli": 2771.250000000001,
      "11,11 kW – 19 paneli": 3137.65,
      "11,70 kW – 20 paneli": 3093.9,
      "12,29 kW – 21 paneli": 3212.6375,
      "12,87 kW – 22 paneli": 3168.89,
      "13,45 kW – 23 paneli": 3561.875000000001,
      "14,04 kW – 24 paneli": 3720,
      "14,63 kW – 25 paneli": 3875.25,
      "15,21 kW – 26 paneli": 3797.125,
      "15,79 kW – 27 paneli": 4160,
      "16,38 kW – 28 paneli": 4318.125,
      "16,97 kW – 29 paneli": 4476.25,
      "17,55 kW – 30 paneli": 4634.375,
      "18,13 kW – 31 paneli": 4792.5,
      "18,72 kW – 32 paneli": 4950.625,
      "19,31 kW – 33 paneli": 5108.75,
      "19,89 kW – 34 paneli": 5266.874999999998
    },
    "inverterMap": {
      "5kWh": 7892.28,
      "10kWh": 14186.67,
      "15kWh": 19386.76,
      "20kWh": 24586.67,
      "25kWh": 30859.85,
      "30kWh": 38773.33,
      "35 kWh": 43783.33,
      "40 kWh": 49173.33
    },
    "batteryMap": {
      "5kWh": 7892.28,
      "10kWh": 14186.67,
      "15kWh": 19386.76,
      "20kWh": 24586.67,
      "25kWh": 30859.85,
      "30kWh": 38773.33,
      "35 kWh": 43783.33,
      "40 kWh": 49173.33,
      "SUN-3.6K-SG03LP1 1FAZ": 8497.080292,
      "SUN-5K-SG04LP3": 13778.58394,
      "SUN-6K-SG04LP3": 13970.54015,
      "SUN-8K-SG04LP3": 14162.48175,
      "SUN-10K-SG04LP3": 14552.9635,
      "SUN-12K-SG04LP3": 14943.45985,
      "SUN-15K-SG01HP3": 15330.642335,
      "SUN-20K-SG01HP3": 15717.82482,
      "SUN-25K-SG01HP3": 16882.67153,
      "SUN-30K-SG01HP3": 25427.10949,
      "SUN-40K-SG01HP3": 29305.53285,
      "SUN-50K-SG01HP3": 33557.9854
    },
    "headers": []
  }
}